<?xml version="1.0" encoding="UTF-8"?>
<PHPDB>
	<DBInfo DefaultServer="0" GenCodeDBSetting="0" SupportDB="0"/>
	<Setting AdapterClass="" AdapterDriver="" AdapterDriverPath="" DNS="" Databasename="" Dialect="" Hostname="" Password="" Portno="" SelectedForm="true" Type="64" Username=""/>
	<Setting AdapterClass="" AdapterDriver="" AdapterDriverPath="" DNS="" Databasename="" Dialect="" Hostname="" Password="" Portno="" SelectedForm="true" Type="8" Username=""/>
	<Setting AdapterClass="" AdapterDriver="" AdapterDriverPath="" DNS="" Databasename="" Dialect="" Hostname="" Password="" Portno="" SelectedForm="true" Type="16" Username=""/>
	<Setting AdapterClass="" AdapterDriver="" AdapterDriverPath="" DNS="" Databasename="" Dialect="" Hostname="" Password="" Portno="" SelectedForm="true" Type="256" Username=""/>
	<Setting AdapterClass="" AdapterDriver="" AdapterDriverPath="" DNS="" Databasename="" Dialect="" Hostname="" Password="" Portno="" SelectedForm="true" Type="2" Username=""/>
	<Setting AdapterClass="" AdapterDriver="" AdapterDriverPath="" DNS="" Databasename="" Dialect="" Hostname="" Password="" Portno="" SelectedForm="true" Type="2048" Username=""/>
	<Setting AdapterClass="" AdapterDriver="" AdapterDriverPath="" DNS="" Databasename="" Dialect="" Hostname="" Password="" Portno="" SelectedForm="true" Type="1024" Username=""/>
</PHPDB>