<?xml version="1.0" encoding="UTF-8"?>
<Database>
	<DBInfo DefaultServer="0" GenCodeDBSetting="0" SupportDB="0"/>
	<Setting AdapterPath="" ConnectionString="" DatabaseName="" Dialect="" DriverClass="" DriverName="" DriverPath="" Encoding="" HostName="" Password="" PortNo="" SelectConnForm="true" Type="131072" Username=""/>
	<Setting AdapterPath="" ConnectionString="" DatabaseName="" Dialect="" DriverClass="" DriverName="" DriverPath="" Encoding="" HostName="" Password="" PortNo="" SelectConnForm="true" Type="16" Username=""/>
	<Setting AdapterPath="" ConnectionString="" DatabaseName="" Dialect="" DriverClass="" DriverName="" DriverPath="" Encoding="" HostName="" Password="" PortNo="" SelectConnForm="true" Type="262144" Username=""/>
	<Setting AdapterPath="" ConnectionString="" DatabaseName="" Dialect="" DriverClass="" DriverName="" DriverPath="" Encoding="" HostName="" Password="" PortNo="" SelectConnForm="true" Type="1024" Username=""/>
	<Setting AdapterPath="" ConnectionString="" DatabaseName="" Dialect="" DriverClass="" DriverName="" DriverPath="" Encoding="" HostName="" Password="" PortNo="" SelectConnForm="true" Type="16384" Username=""/>
	<Setting AdapterPath="" ConnectionString="" DatabaseName="" Dialect="" DriverClass="" DriverName="" DriverPath="" Encoding="" HostName="" Password="" PortNo="" SelectConnForm="true" Type="8" Username=""/>
	<Setting AdapterPath="" ConnectionString="" DatabaseName="" Dialect="" DriverClass="" DriverName="" DriverPath="" Encoding="" HostName="" Password="" PortNo="" SelectConnForm="true" Type="256" Username=""/>
	<Setting AdapterPath="" ConnectionString="" DatabaseName="" Dialect="" DriverClass="" DriverName="" DriverPath="" Encoding="" HostName="" Password="" PortNo="" SelectConnForm="true" Type="4096" Username=""/>
	<Setting AdapterPath="" ConnectionString="" DatabaseName="" Dialect="" DriverClass="" DriverName="" DriverPath="" Encoding="" HostName="" Password="" PortNo="" SelectConnForm="true" Type="2" Username=""/>
</Database>